link,title,imgsrc
www.4399.com/flash/262150.htm,滚动的大头,https://imga1.5054399.com/upload_pic/2026/6/8/4399_16140265503.jpg
www.4399.com/flash/262154.htm,僵尸堡垒,https://imga5.5054399.com/upload_pic/2026/6/8/4399_16323323251.jpg
www.4399.com/flash/262002.htm,奔跑的小人,https://imga3.5054399.com/upload_pic/2026/6/4/4399_16211879329.jpg
www.4399.com/flash/264213.htm,合成战争,https://imga4.5054399.com/upload_pic/2026/7/31/4399_14464860059.jpg
www.4399.com/flash/262011.htm,跳跃的海豚,https://imga2.5054399.com/upload_pic/2026/6/4/4399_16310307849.jpg
www.4399.com/flash/260988.htm,巨人怪物无敌版,https://imga4.5054399.com/upload_pic/2026/5/15/4399_11300443252.jpg
www.4399.com/flash/261835.htm,怪物狂潮,https://imga1.5054399.com/upload_pic/2026/6/2/4399_16263629586.jpg
www.4399.com/flash/261875.htm,接力收割,https://imga1.5054399.com/upload_pic/2026/6/3/4399_11135594220.jpg
www.4399.com/flash/261620.htm,疯狂的白鹅,https://imga1.5054399.com/upload_pic/2026/7/29/4399_09140222559.jpg
www.4399.com/flash/261553.htm,车轮掌控大师,https://imga4.5054399.com/upload_pic/2026/5/28/4399_17415526227.jpg
www.4399.com/flash/261611.htm,传送门逃脱2,https://imga2.5054399.com/upload_pic/2026/5/29/4399_16354004216.jpg
www.4399.com/flash/264030.htm,休闲来一局,https://imga1.5054399.com/upload_pic/2026/7/27/4399_15123860926.jpg
www.4399.com/flash/263997.htm,堆叠英雄,https://imga3.5054399.com/upload_pic/2026/7/24/4399_17045564278.jpg
www.4399.com/flash/261547.htm,淘气的婴儿,https://imga3.5054399.com/upload_pic/2026/5/28/4399_16494151048.jpg
www.4399.com/flash/263936.htm,集装箱模拟器,https://imga2.5054399.com/upload_pic/2026/7/23/4399_11295559432.jpg
