link,title,type,date
http://www.4399.com/flash/264335.htm,	猫猫数独,	益智类,	2026-08-06
http://www.4399.com/flash/264334.htm,	逗小猴开心系列1100,	益智类,	2026-08-06
http://www.4399.com/flash/264333.htm,	野生动物编年史,	益智类,	2026-08-06
http://www.4399.com/flash/264332.htm,	水晶糖果对对碰,	益智类,	2026-08-06
http://www.4399.com/flash/264331.htm,	找寻遗失的自行车,	益智类,	2026-08-06
http://www.4399.com/flash/264330.htm,	源氏斩杀模拟器,	冒险类,	2026-08-06
http://www.4399.com/flash/264329.htm,	赛艇大赛,	体育类,	2026-08-06
http://www.4399.com/flash/264328.htm,	昏暗儿童房逃生304,	益智类,	2026-08-06
http://www.4399.com/flash/264327.htm,	方块分类拆除,	益智类,	2026-08-06
http://www.4399.com/flash/264326.htm,	隐藏的承诺,	益智类,	2026-08-06
http://www.4399.com/flash/264325.htm,	深夜便利角,	休闲类,	2026-08-06
http://www.4399.com/flash/264324.htm,	温暖的海风,	益智类,	2026-08-06
http://www.4399.com/flash/264323.htm,	4格国际象棋,	棋牌类,	2026-08-06
http://www.4399.com/flash/264322.htm,	巡捕探案录：雾夜追凶,	益智类,	2026-08-06
http://www.4399.com/flash/264321.htm,	巨型迷宫,	益智类,	2026-08-06
http://www.4399.com/flash/264320.htm,	橙色预警2：心灵风暴,	策略类,	2026-08-06
http://www.4399.com/flash/264319.htm,	救援太阳鸟,	益智类,	2026-08-06
http://www.4399.com/flash/264318.htm,	逃离牛奶农场,	益智类,	2026-08-06
http://www.4399.com/flash/262221.htm,	方块世界大乱斗,	冒险类,	2026-08-06
http://www.4399.com/flash/262341.htm,	城市的猎人,	射击类,	2026-08-06
http://www.4399.com/flash/264290.htm,	幻灵召唤,	休闲类,	2026-08-05
http://www.4399.com/flash/264296.htm,	火柴人枪械冲刺,	射击类,	2026-08-05
http://www.4399.com/flash/264278.htm,	吃掉绿块,	策略类,	2026-08-05
http://www.4399.com/flash/264293.htm,	摆脱警车追击,	体育类,	2026-08-05
http://www.4399.com/flash/264343.htm,	狩猎幻想,	策略类,	2026-08-05
http://www.4399.com/flash/264292.htm,	火车站寻宝,	益智类,	2026-08-05
http://www.4399.com/flash/264291.htm,	土豆射手,	射击类,	2026-08-05
http://www.4399.com/flash/264289.htm,	合并房产大亨,	休闲类,	2026-08-05
http://www.4399.com/flash/264288.htm,	几何冲刺挑战,	敏捷篇,	2026-08-05
http://www.4399.com/flash/264287.htm,	救援尾巴怪,	益智类,	2026-08-05
http://www.4399.com/flash/264286.htm,	蚁虫融合,	益智类,	2026-08-05
http://www.4399.com/flash/264285.htm,	豪华理发店,	装扮类,	2026-08-05
http://www.4399.com/flash/264284.htm,	严寒生存,	冒险类,	2026-08-05
http://www.4399.com/flash/264281.htm,	锤击大师无敌版,	敏捷篇,	2026-08-05
http://www.4399.com/flash/264280.htm,	救援雪女王,	益智类,	2026-08-05
http://www.4399.com/flash/264279.htm,	救援月亮公主,	益智类,	2026-08-05
http://www.4399.com/flash/264277.htm,	熊猫跳环,	敏捷篇,	2026-08-05
http://www.4399.com/flash/264276.htm,	逗小猴开心系列1099,	益智类,	2026-08-05
http://www.4399.com/flash/264275.htm,	微笑糖果,	益智类,	2026-08-05
http://www.4399.com/flash/264274.htm,	数字相加挑战,	益智类,	2026-08-05
http://www.4399.com/flash/264273.htm,	寻找海盗硬币袋,	益智类,	2026-08-05
http://www.4399.com/flash/264244.htm,	冰淇淋店找不同,	益智类,	2026-08-05
http://www.4399.com/flash/264243.htm,	围攻大城堡,	益智类,	2026-08-05
http://www.4399.com/flash/264272.htm,	海洋泡泡拼图,	益智类,	2026-08-05
http://www.4399.com/flash/264271.htm,	逃离大操场,	益智类,	2026-08-05
http://www.4399.com/flash/264270.htm,	未知的幻象,	益智类,	2026-08-05
http://www.4399.com/flash/264269.htm,	色彩花园,	益智类,	2026-08-05
http://www.4399.com/flash/264268.htm,	拼接积木,	休闲类,	2026-08-05
http://www.4399.com/flash/264267.htm,	逃离简易房屋278,	益智类,	2026-08-05
http://www.4399.com/flash/264266.htm,	救援日本男孩,	益智类,	2026-08-05
http://www.4399.com/flash/264265.htm,	泡泡攻击,	益智类,	2026-08-05
http://www.4399.com/flash/262154.htm,	僵尸堡垒,	冒险类,	2026-08-05
http://www.4399.com/flash/262163.htm,	猫咪篮球赛,	体育类,	2026-08-05
http://www.4399.com/flash/264227.htm,	逃离简陋的小房子,	益智类,	2026-08-04
http://www.4399.com/flash/264226.htm,	企鹅战士冒险,	冒险类,	2026-08-04
http://www.4399.com/flash/264225.htm,	逃离绿色花园,	益智类,	2026-08-04
http://www.4399.com/flash/264223.htm,	僵尸世界大战3D,	射击类,	2026-08-04
http://www.4399.com/flash/264222.htm,	彩色方块排序,	益智类,	2026-08-04
http://www.4399.com/flash/264221.htm,	奥布比跑酷,	敏捷篇,	2026-08-04
http://www.4399.com/flash/264220.htm,	螺帽分类,	益智类,	2026-08-04
http://www.4399.com/flash/264219.htm,	圆球闯迷宫,	益智类,	2026-08-04
http://www.4399.com/flash/264218.htm,	韩信传,	冒险类,	2026-08-04
http://www.4399.com/flash/264217.htm,	制造交通工具,	休闲类,	2026-08-04
http://www.4399.com/flash/264216.htm,	叠叠高高高,	敏捷篇,	2026-08-04
http://www.4399.com/flash/264215.htm,	无人机运输,	敏捷篇,	2026-08-04
http://www.4399.com/flash/264214.htm,	逃离熊类庇护所,	益智类,	2026-08-04
http://www.4399.com/flash/264213.htm,	合成战争,	策略类,	2026-08-04
http://www.4399.com/flash/264212.htm,	昏暗儿童房逃生303,	益智类,	2026-08-04
http://www.4399.com/flash/264211.htm,	敲碎瓶子,	休闲类,	2026-08-04
http://www.4399.com/flash/264210.htm,	深海生存无敌版,	休闲类,	2026-08-04
http://www.4399.com/flash/264116.htm,	熊熊大通关,	冒险类,	2026-08-04
http://www.4399.com/flash/262150.htm,	滚动的大头,	敏捷篇,	2026-08-04
http://www.4399.com/flash/261997.htm,	牛仔乐园,	模拟经营,	2026-08-04
http://www.4399.com//news.4399.com//jjxqmct/,	警戒线：全面冲突,	策略类,	2026-08-03
http://www.4399.com/flash/264209.htm,	巫师的灵丹妙药,	益智类,	2026-08-03
http://www.4399.com/flash/264208.htm,	救援受困的机器人,	益智类,	2026-08-03
http://www.4399.com/flash/264207.htm,	解救英俊的男孩,	益智类,	2026-08-03
http://www.4399.com/flash/264206.htm,	初始魔法,	益智类,	2026-08-03
http://www.4399.com/flash/264205.htm,	魔法喷泉,	益智类,	2026-08-03
http://www.4399.com/flash/264204.htm,	修建铁桥,	益智类,	2026-08-03
http://www.4399.com/flash/264203.htm,	逃离农场畜舍,	益智类,	2026-08-03
http://www.4399.com/flash/264202.htm,	青蛙忍者,	敏捷篇,	2026-08-03
http://www.4399.com/flash/264201.htm,	暴走火柴人,	动作类,	2026-08-03
http://www.4399.com/flash/264200.htm,	水果大合并,	益智类,	2026-08-03
http://www.4399.com/flash/264199.htm,	救援狮子的朋友,	益智类,	2026-08-03
http://www.4399.com/flash/264198.htm,	记忆填字,	益智类,	2026-08-03
http://www.4399.com/flash/264197.htm,	立方体嵌合,	益智类,	2026-08-03
http://www.4399.com/flash/262011.htm,	跳跃的海豚,	敏捷篇,	2026-08-03
http://www.4399.com/flash/260988.htm,	巨人怪物无敌版,	射击类,	2026-08-03
http://www.4399.com/flash/264196.htm,	困在笼里的狗,	益智类,	2026-08-03
http://www.4399.com/flash/264195.htm,	困在笼里的爱情鸟,	益智类,	2026-08-03
http://www.4399.com/flash/264194.htm,	城市供电,	益智类,	2026-08-03
http://www.4399.com/flash/264193.htm,	恐龙进化跑酷,	敏捷篇,	2026-08-03
http://www.4399.com/flash/264192.htm,	月亮之子,	冒险类,	2026-08-03
http://www.4399.com/flash/264191.htm,	史莱姆分类,	益智类,	2026-08-02
http://www.4399.com/flash/264190.htm,	碰撞模拟实验,	体育类,	2026-08-02
http://www.4399.com/flash/264189.htm,	假人碰撞试验2,	体育类,	2026-08-02
http://www.4399.com/flash/264188.htm,	趣味消除之旅,	益智类,	2026-08-02
http://www.4399.com/flash/264187.htm,	假人碰撞试验,	体育类,	2026-08-02
http://www.4399.com/flash/264186.htm,	逃离加油站,	益智类,	2026-08-02
http://www.4399.com/flash/264185.htm,	被误解的鸟,	益智类,	2026-08-02
http://www.4399.com/flash/264184.htm,	只剩一格了,	益智类,	2026-08-02
http://www.4399.com/flash/264182.htm,	渡鸦信使,	冒险类,	2026-08-02
http://www.4399.com/flash/264180.htm,	废弃的天堂,	益智类,	2026-08-02
http://www.4399.com/flash/264179.htm,	逃离岸边,	益智类,	2026-08-02
http://www.4399.com/flash/264178.htm,	逃离蝴蝶天堂,	益智类,	2026-08-02
http://www.4399.com/flash/264177.htm,	迷失的迷宫,	益智类,	2026-08-02
http://www.4399.com/flash/264176.htm,	人群计数挑战,	敏捷篇,	2026-08-02
http://www.4399.com/flash/264175.htm,	阁楼改造,	益智类,	2026-08-02
http://www.4399.com/flash/264174.htm,	像素养鸡场2,	休闲类,	2026-08-02
http://www.4399.com/flash/264173.htm,	逃离废弃空间站,	益智类,	2026-08-02
http://www.4399.com/flash/264172.htm,	追我呀,	休闲类,	2026-08-02
http://www.4399.com/flash/261874.htm,	枪战幸存者,	射击类,	2026-08-02
http://www.4399.com/flash/262002.htm,	奔跑的小人,	敏捷篇,	2026-08-02
http://www.4399.com/flash/264170.htm,	救援小兔的伴侣,	益智类,	2026-08-01
http://www.4399.com/flash/264169.htm,	纵横填字,	益智类,	2026-08-01
http://www.4399.com/flash/264168.htm,	单词泡泡合并,	益智类,	2026-08-01
http://www.4399.com/flash/264167.htm,	数字分拣工厂,	敏捷篇,	2026-08-01
http://www.4399.com/flash/264166.htm,	道士围僵尸,	益智类,	2026-08-01
http://www.4399.com/flash/264145.htm,	救援粉红大象,	益智类,	2026-08-01
http://www.4399.com/flash/264144.htm,	毛线织画,	益智类,	2026-08-01
http://www.4399.com/flash/264143.htm,	乱码空战,	射击类,	2026-08-01
http://www.4399.com/flash/264141.htm,	舒适填字游戏,	益智类,	2026-08-01
http://www.4399.com/flash/264140.htm,	甜点瓷砖连连看,	益智类,	2026-08-01
http://www.4399.com/flash/264139.htm,	蜘蛛纸牌分类,	益智类,	2026-08-01
http://www.4399.com/flash/264138.htm,	逃离德国小镇,	益智类,	2026-08-01
http://www.4399.com/flash/264137.htm,	困在派对的莉娜,	益智类,	2026-08-01
http://www.4399.com/flash/264135.htm,	危险地段,	益智类,	2026-08-01
http://www.4399.com/flash/264133.htm,	房屋清洁翻新,	休闲类,	2026-08-01
http://www.4399.com/flash/264132.htm,	昏暗儿童房逃生301,	益智类,	2026-08-01
http://www.4399.com/flash/264131.htm,	昏暗儿童房逃生302,	益智类,	2026-08-01
http://www.4399.com/flash/264130.htm,	危险迷宫,	敏捷篇,	2026-08-01
http://www.4399.com/flash/264129.htm,	遥远的高地,	益智类,	2026-08-01
http://www.4399.com/flash/264171.htm,	方块翻转排列,	益智类,	2026-08-01
http://www.4399.com/flash/264128.htm,	最初记忆,	益智类,	2026-07-31
http://www.4399.com/flash/264127.htm,	元素大法师,	策略类,	2026-07-31
http://www.4399.com/flash/264126.htm,	人偶足球,	体育类,	2026-07-31
http://www.4399.com/flash/264125.htm,	逃离无声屋,	益智类,	2026-07-31
http://www.4399.com/flash/264124.htm,	重型坦克,	射击类,	2026-07-31
http://www.4399.com/flash/264123.htm,	清洁超人,	射击类,	2026-07-31
http://www.4399.com/flash/264122.htm,	元素炼金,	益智类,	2026-07-31
http://www.4399.com/flash/264120.htm,	救援城堡士兵,	益智类,	2026-07-31
http://www.4399.com/flash/264119.htm,	烧瓶小球合并,	敏捷篇,	2026-07-31
http://www.4399.com/flash/264118.htm,	糖果传奇,	益智类,	2026-07-31
http://www.4399.com/flash/264117.htm,	弹球敲砖块,	休闲类,	2026-07-31
http://www.4399.com/flash/264114.htm,	寻找遗失的煎饼,	益智类,	2026-07-31
http://www.4399.com/flash/264113.htm,	逃离简易房屋276,	益智类,	2026-07-31
http://www.4399.com/flash/264111.htm,	狗头大逃亡,	益智类,	2026-07-31
http://www.4399.com/flash/264108.htm,	药水分类大师,	益智类,	2026-07-31
http://www.4399.com/flash/264107.htm,	富豪养成记无敌版,	模拟经营,	2026-07-31
http://www.4399.com/flash/264106.htm,	救援无辜的灵魂,	益智类,	2026-07-31
http://www.4399.com/flash/264105.htm,	皇室勇士解迷,	益智类,	2026-07-31
http://www.4399.com/flash/264104.htm,	修建赛道,	休闲类,	2026-07-31
http://www.4399.com/flash/264102.htm,	小黑猫大冒险,	冒险类,	2026-07-31
http://www.4399.com/flash/264101.htm,	人偶跑酷,	敏捷篇,	2026-07-31
http://www.4399.com/flash/264100.htm,	数学很容易,	益智类,	2026-07-31
http://www.4399.com/flash/264099.htm,	救援思念的约翰,	益智类,	2026-07-31
http://www.4399.com/flash/264098.htm,	连续投篮挑战,	体育类,	2026-07-31
http://www.4399.com/flash/264097.htm,	逗小猴开心系列1098,	益智类,	2026-07-31
http://www.4399.com/flash/264096.htm,	宣誓之前,	益智类,	2026-07-31
http://www.4399.com/flash/264095.htm,	豪华祖玛,	益智类,	2026-07-31
http://www.4399.com/flash/264094.htm,	逃离僵尸基地,	射击类,	2026-07-31
http://www.4399.com/flash/264093.htm,	鸡蛋喷射,	休闲类,	2026-07-31
http://www.4399.com/flash/264092.htm,	僵尸庄园,	射击类,	2026-07-31
http://www.4399.com/flash/264121.htm,	泡泡计划,	休闲类,	2026-07-30
http://www.4399.com/flash/264103.htm,	异兽灵境,	策略类,	2026-07-30
http://www.4399.com/flash/264091.htm,	逃离风筝的故乡,	益智类,	2026-07-30
http://www.4399.com/flash/264090.htm,	摩托城市特技,	体育类,	2026-07-30
http://www.4399.com/flash/264089.htm,	瓷砖滑动消除,	益智类,	2026-07-30
http://www.4399.com/flash/264088.htm,	机器人之星,	射击类,	2026-07-30
http://www.4399.com/flash/264087.htm,	救援诅咒的农民,	益智类,	2026-07-30
http://www.4399.com/flash/264086.htm,	永辉之谜,	益智类,	2026-07-30
http://www.4399.com/flash/264085.htm,	船员聚会,	益智类,	2026-07-30
http://www.4399.com/flash/264084.htm,	速度的渴望,	体育类,	2026-07-30
http://www.4399.com/flash/264083.htm,	3D象棋大师对战,	棋牌类,	2026-07-30
http://www.4399.com/flash/264082.htm,	逃离气球屋,	益智类,	2026-07-30
http://www.4399.com/flash/264081.htm,	寻找汽水,	益智类,	2026-07-30
http://www.4399.com/flash/264080.htm,	城内赛车,	体育类,	2026-07-30
http://www.4399.com/flash/264079.htm,	星际逃亡,	射击类,	2026-07-30
http://www.4399.com/flash/264078.htm,	高飞的高尔夫,	益智类,	2026-07-30
http://www.4399.com/flash/264077.htm,	翻转之枪,	射击类,	2026-07-30
http://www.4399.com/flash/264076.htm,	炮弹大爆炸,	射击类,	2026-07-30
http://www.4399.com/flash/264075.htm,	变形下落,	敏捷篇,	2026-07-30
http://www.4399.com/flash/264074.htm,	逃出故障的汽车,	益智类,	2026-07-30
http://www.4399.com/flash/261835.htm,	怪物狂潮,	策略类,	2026-07-30
http://www.4399.com/flash/261875.htm,	接力收割,	敏捷篇,	2026-07-30
http://www.4399.com/flash/264073.htm,	跳跳查理,	冒险类,	2026-07-29
http://www.4399.com/flash/264072.htm,	逃离简易房屋277,	益智类,	2026-07-29
http://www.4399.com/flash/261620.htm,	疯狂的白鹅,	休闲类,	2026-07-29
http://www.4399.com/flash/261553.htm,	车轮掌控大师,	体育类,	2026-07-29
http://www.4399.com/flash/264051.htm,	旋转的刀无敌版,	敏捷篇,	2026-07-29
http://www.4399.com/flash/264050.htm,	六边形炸裂,	益智类,	2026-07-29
http://www.4399.com/flash/264049.htm,	泡泡碎裂,	益智类,	2026-07-29
http://www.4399.com/flash/264048.htm,	泡泡防御塔,	策略类,	2026-07-29
http://www.4399.com/flash/264047.htm,	火柴人接力赛,	益智类,	2026-07-29
http://www.4399.com/flash/264046.htm,	斯普伦基冒险5,	冒险类,	2026-07-29
http://www.4399.com/flash/264045.htm,	旋转足球,	敏捷篇,	2026-07-29
http://www.4399.com/flash/264044.htm,	零号猎场,	射击类,	2026-07-29
http://www.4399.com/flash/264043.htm,	救援翠鸟,	益智类,	2026-07-29
http://www.4399.com/flash/264041.htm,	掼蛋特效版,	棋牌类,	2026-07-29
http://www.4399.com/flash/264040.htm,	摧毁人偶娃娃,	休闲类,	2026-07-29
http://www.4399.com/flash/264039.htm,	寻找遗失的鸡腿块,	益智类,	2026-07-29
http://www.4399.com/flash/264038.htm,	逗小猴开心系列1097,	益智类,	2026-07-29
http://www.4399.com/flash/264037.htm,	咖啡装箱,	益智类,	2026-07-29
http://www.4399.com/flash/264036.htm,	最后的掌控,	益智类,	2026-07-29
http://www.4399.com/flash/264035.htm,	困在笼里的小猴,	益智类,	2026-07-29
http://www.4399.com/flash/264029.htm,	源战役,	冒险类,	2026-07-28
